architecture/RT-1_Robotics_Transformer_2212.06817.pdf	https://arxiv.org/pdf/2212.06817
architecture/RT-2_Vision_Language_Action_Models_2307.15818.pdf	https://arxiv.org/pdf/2307.15818
architecture/OpenVLA_Open_Source_Vision_Language_Action_Model_2406.09246.pdf	https://arxiv.org/pdf/2406.09246
architecture/pi0_2410.24164.pdf	https://arxiv.org/pdf/2410.24164
architecture/pi05_2504.16054.pdf	https://arxiv.org/pdf/2504.16054
architecture/G0.5_tech_report.pdf	https://opengalaxea.github.io/G05/Galaxea_G0_5.pdf
architecture/Diffusion_Policy_2303.04137.pdf	https://arxiv.org/pdf/2303.04137
architecture/Flow_Matching_for_Generative_Modeling_2210.02747.pdf	https://arxiv.org/pdf/2210.02747
architecture/FAST_Tokenizer_2501.09747.pdf	https://arxiv.org/pdf/2501.09747
architecture/Octo_Open_Source_Generalist_Robot_Policy_2405.12213.pdf	https://arxiv.org/pdf/2405.12213
architecture/pi07_2604.15483.pdf	https://arxiv.org/pdf/2604.15483
architecture/FLOWER_2509.04996.pdf	https://arxiv.org/pdf/2509.04996
architecture/LLaDA-VLA_2509.06932.pdf	https://arxiv.org/pdf/2509.06932
architecture/UniVLA_2506.19850.pdf	https://arxiv.org/pdf/2506.19850
architecture/UniVLA-ODL_2505.06111.pdf	https://arxiv.org/pdf/2505.06111
architecture/MoS-VLA_2510.16617.pdf	https://arxiv.org/pdf/2510.16617
rl/vla/SimpleVLA-RL_2509.09674.pdf	https://arxiv.org/pdf/2509.09674
reasoning/PaLM-E_Embodied_Multimodal_Language_Model_2303.03378.pdf	https://arxiv.org/pdf/2303.03378
reasoning/RT-Trajectory_Robotic_Task_Generalization_2311.01977.pdf	https://arxiv.org/pdf/2311.01977
reasoning/VoxPoser_Composable_3D_Value_Maps_2307.05973.pdf	https://arxiv.org/pdf/2307.05973
reasoning/GR00T-N1_2503.14734.pdf	https://arxiv.org/pdf/2503.14734
reasoning/OneTwoVLA_2505.11917.pdf	https://arxiv.org/pdf/2505.11917
reasoning/TriVLA_2507.01424.pdf	https://arxiv.org/pdf/2507.01424
reasoning/Gemini_Robotics_2503.20020.pdf	https://arxiv.org/pdf/2503.20020
reasoning/F1-VLA_2509.06951.pdf	https://arxiv.org/pdf/2509.06951
reasoning/DreamVLA_2507.04447.pdf	https://arxiv.org/pdf/2507.04447
data/Open_X_Embodiment_RT-X_2310.08864.pdf	https://arxiv.org/pdf/2310.08864
data/Mobile_ALOHA_ACT_2401.02117.pdf	https://arxiv.org/pdf/2401.02117
data/RoboCat_Self_Improving_Robot_Agent_2306.11706.pdf	https://arxiv.org/pdf/2306.11706
world-model/DayDreamer_2206.14176.pdf	https://arxiv.org/pdf/2206.14176
world-model/Dreamer_v3_2301.04104.pdf	https://arxiv.org/pdf/2301.04104
world-model/TD-MPC2_2310.16828.pdf	https://arxiv.org/pdf/2310.16828
world-model/I-JEPA_2301.08243.pdf	https://arxiv.org/pdf/2301.08243
world-model/V-JEPA_2404.08471.pdf	https://arxiv.org/pdf/2404.08471
world-model/UniPi_2302.00111.pdf	https://arxiv.org/pdf/2302.00111
world-model/SuSIE_2310.10639.pdf	https://arxiv.org/pdf/2310.10639
world-model/GR-MG_2408.14368.pdf	https://arxiv.org/pdf/2408.14368
rl/vla/RL_Token_2604.23073.pdf	https://arxiv.org/pdf/2604.23073
perception/FAST-LIO2_2107.06829.pdf	https://arxiv.org/pdf/2107.06829
reasoning/SymSkill_2510.01661.pdf	https://arxiv.org/pdf/2510.01661
architecture/LingBot-VA_2601.21998.pdf	https://arxiv.org/pdf/2601.21998
architecture/FP3_2503.08950.pdf	https://arxiv.org/pdf/2503.08950
architecture/LingBot-VLA2_2607.06403.pdf	https://arxiv.org/pdf/2607.06403
world-model/RISE_2602.11075.pdf	https://arxiv.org/pdf/2602.11075
architecture/Fabrica_2506.05168.pdf	https://arxiv.org/pdf/2506.05168
architecture/ViewInvariant_2510.02268.pdf	https://arxiv.org/pdf/2510.02268
architecture/SimDist_2603.15759.pdf	https://arxiv.org/pdf/2603.15759
architecture/UniFP_2505.20829.pdf	https://arxiv.org/pdf/2505.20829
architecture/XR-1_2511.02776.pdf	https://arxiv.org/pdf/2511.02776
architecture/Green-VLA_2602.00919.pdf	https://arxiv.org/pdf/2602.00919
rl/vla/ROVE_2606.17011.pdf	https://arxiv.org/pdf/2606.17011
architecture/Human-as-Humanoid_2606.32009.pdf	https://arxiv.org/pdf/2606.32009
rl/core/FlashSAC_2604.04539.pdf	https://arxiv.org/pdf/2604.04539
architecture/MINT_2602.08602.pdf	https://arxiv.org/pdf/2602.08602
architecture/PAIWorld_2606.18375.pdf	https://arxiv.org/pdf/2606.18375
architecture/WEAVER_2606.13672.pdf	https://arxiv.org/pdf/2606.13672
architecture/IMR-LLM_2603.02669.pdf	https://arxiv.org/pdf/2603.02669
memory/RoboTTT_2607.15275.pdf	https://arxiv.org/pdf/2607.15275
memory/MemoryWAM_2606.20562.pdf	https://arxiv.org/pdf/2606.20562
memory/EchoVLA_2511.18112.pdf	https://arxiv.org/pdf/2511.18112
memory/SERF_2606.12956.pdf	https://arxiv.org/pdf/2606.12956
memory/RoboMemory_2508.01415.pdf	https://arxiv.org/pdf/2508.01415
memory/StateLinFormer_2603.23571.pdf	https://arxiv.org/pdf/2603.23571
memory/WAM-TTT_2607.06988.pdf	https://arxiv.org/pdf/2607.06988
rl/core/DIAYN_1802.06070.pdf	https://arxiv.org/pdf/1802.06070
architecture/DiversityAllYouNeed_2507.06219.pdf	https://arxiv.org/pdf/2507.06219
world-model/LeWorldModel_2603.19312.pdf	https://arxiv.org/pdf/2603.19312
world-model/NoGaussianRequired_2608.17542.pdf	https://arxiv.org/pdf/2608.17542
briefs/WAM-Survey_2605.12090.pdf	https://arxiv.org/pdf/2605.12090
briefs/WMRM-Survey_2606.00113.pdf	https://arxiv.org/pdf/2606.00113
world-model/SD-JEPA_2605.31111.pdf	https://arxiv.org/pdf/2605.31111
briefs/WRL-Survey_2605.00080.pdf	https://arxiv.org/pdf/2605.00080
briefs/WM-Comprehensive_2606.00133.pdf	https://arxiv.org/pdf/2606.00133
world-model/V-JEPA2_2506.09985.pdf	https://arxiv.org/pdf/2506.09985
world-model/WorldVLA_2506.21539.pdf	https://arxiv.org/pdf/2506.21539
world-model/DreamZero_2602.15922.pdf	https://arxiv.org/pdf/2602.15922
world-model/WorldArena_2602.08971.pdf	https://arxiv.org/pdf/2602.08971
world-model/TacWAM_2607.28391.pdf	https://arxiv.org/pdf/2607.28391
world-model/EgoGenesis_2607.28243.pdf	https://arxiv.org/pdf/2607.28243
architecture/WholeBodyVLA_2512.11047.pdf	https://arxiv.org/pdf/2512.11047
architecture/BridgeVLA_2506.07961.pdf	https://arxiv.org/pdf/2506.07961
architecture/InstructVLA_2507.17520.pdf	https://arxiv.org/pdf/2507.17520
world-model/WoW_2509.22642.pdf	https://arxiv.org/pdf/2509.22642
rl/agentic-robot/HARBOR_2606.08610.pdf	https://arxiv.org/pdf/2606.08610
rl/agentic-robot/ENPIRE_2606.19980.pdf	https://arxiv.org/pdf/2606.19980
rl/agentic-robot/AgenticRoboticsLoop_2608.07555.pdf	https://arxiv.org/pdf/2608.07555
rl/agentic-robot/PlayfulAgentic_2606.19419.pdf	https://arxiv.org/pdf/2606.19419
rl/agentic-training/LEGO-RL_2608.17393.pdf	https://arxiv.org/pdf/2608.17393
rl/agentic-algo/CoSkill_2609.04865.pdf	https://arxiv.org/pdf/2609.04865
rl/agentic-robot/HumanVid-SelfImprove_2606.21406.pdf	https://arxiv.org/pdf/2606.21406
architecture/ART_2608.14047.pdf	https://arxiv.org/pdf/2608.14047
architecture/Capek05_2608.06756.pdf	https://arxiv.org/pdf/2608.06756
rl/agentic-app/ToolR0_2602.21320.pdf	https://arxiv.org/pdf/2602.21320
rl/agentic-algo/RAGEN2_2604.06268.pdf	https://arxiv.org/pdf/2604.06268
rl/agentic-training/Polar_2605.24220.pdf	https://arxiv.org/pdf/2605.24220
rl/agentic-training/ARLArena_2602.21534.pdf	https://arxiv.org/pdf/2602.21534
rl/agentic-training/LiteResearcher_2604.17931.pdf	https://arxiv.org/pdf/2604.17931
rl/agentic-app/TongyiDeepResearch_2510.24701.pdf	https://arxiv.org/pdf/2510.24701
rl/agentic-algo/ReasoningToAgentic_2604.09459.pdf	https://arxiv.org/pdf/2604.09459
rl/agentic-algo/G2PO_2606.22995.pdf	https://arxiv.org/pdf/2606.22995
rl/agentic-algo/DataPRM_2604.24198.pdf	https://arxiv.org/pdf/2604.24198
rl/agentic-training/Harness-1_2606.02373.pdf	https://arxiv.org/pdf/2606.02373
rl/agentic-app/OpenClawRL_2603.10165.pdf	https://arxiv.org/pdf/2603.10165
rl/dexterous/Facet-0_2609.01596.pdf	https://arxiv.org/pdf/2609.01596
world-model/D-JEPA_2609.24749.pdf	https://arxiv.org/pdf/2609.24749
world-model/VLA-Dreamer_2609.31313.pdf	https://arxiv.org/pdf/2609.31313
world-model/WhatMattersWAM_2609.24048.pdf	https://arxiv.org/pdf/2609.24048
world-model/ThinkWVLA_2609.24682.pdf	https://arxiv.org/pdf/2609.24682
world-model/DexTacWAM_2609.24976.pdf	https://arxiv.org/pdf/2609.24976
rl/agentic-robot/RoboHarnessK1_2609.29389.pdf	https://arxiv.org/pdf/2609.29389
rl/agentic-robot/KintsugiVLA_2609.31048.pdf	https://arxiv.org/pdf/2609.31048
rl/vla/VLaRL_2609.30868.pdf	https://arxiv.org/pdf/2609.30868
memory/MemBodied_2609.28256.pdf	https://arxiv.org/pdf/2609.28256
briefs/WAM-Survey2_2609.16074.pdf	https://arxiv.org/pdf/2609.16074
reasoning/Embodied_R1.5_2606.11324.pdf	https://arxiv.org/pdf/2606.11324
world-model/DWM_2512.17907.pdf	https://arxiv.org/pdf/2512.17907
world-model/EgoExo-WM_2605.15477.pdf	https://arxiv.org/pdf/2605.15477
architecture/GTP-FA_2606.03385.pdf	https://arxiv.org/pdf/2606.03385
rl/planning/LessMimic_2602.21723.pdf	https://arxiv.org/pdf/2602.21723
architecture/OxyGen_2603.14371.pdf	https://arxiv.org/pdf/2603.14371
reasoning/LaST-R1_2604.28192.pdf	https://arxiv.org/pdf/2604.28192
world-model/Point4D_2609.09145.pdf	https://arxiv.org/pdf/2609.09145
architecture/WhyChunking_2608.02547.pdf	https://arxiv.org/pdf/2608.02547
architecture/ChunkingExploratory_2507.09061.pdf	https://arxiv.org/pdf/2507.09061
rl/core/QChunking_2507.07969.pdf	https://arxiv.org/pdf/2507.07969
rl/core/DQC_2512.10926.pdf	https://arxiv.org/pdf/2512.10926
rl/vla/SmoothRL_2608.29768.pdf	https://arxiv.org/pdf/2608.29768
world-model/WCM_2607.29613.pdf	
world-model/SimDist_2603.15759.pdf	
rl/vla/Z-1_2606.31846.pdf	
rl/vla/VLAC_2509.15937.pdf	
rl/core/RL-100_2510.14830.pdf	
rl/dexterous/Dexora_2605.18722.pdf	
rl/dexterous/HapticVLA_2603.15257.pdf	
rl/dexterous/GRITS_2510.00573.pdf	
rl/dexterous/TORL-VLA_2606.09337.pdf	
rl/planning/DLO-Routing_2510.19268.pdf	
rl/planning/OmniRetarget_2509.26633.pdf	
rl/sim2real/Phys2Real_2602.09485.pdf	
rl/sim2real/ViserDex_2604.11138.pdf	
